<?xml version="1.0" encoding="UTF-8" standalone="yes"?>
<services>
    <cloudstreamsCollectionKeys serviceName="WmCloudStreams.RestVS">
        <servicesKeys>
            <keyDetails collectionKey="TestSplitwiseService.connectors:create_expense" connectorServiceName="TestSplitwiseService.connectors:create_expense"/>
            <keyDetails collectionKey="TestSplitwiseService.connectors:delete_expense" connectorServiceName="TestSplitwiseService.connectors:delete_expense"/>
            <keyDetails collectionKey="TestSplitwiseService.connectors:get_current_user" connectorServiceName="TestSplitwiseService.connectors:get_current_user"/>
            <keyDetails collectionKey="TestSplitwiseService.connectors:get_expenses" connectorServiceName="TestSplitwiseService.connectors:get_expenses"/>
            <keyDetails collectionKey="TestSplitwiseService.connectors:get_user" connectorServiceName="TestSplitwiseService.connectors:get_user"/>
            <keyDetails collectionKey="TestSplitwiseService.connectors:undelete_expense" connectorServiceName="TestSplitwiseService.connectors:undelete_expense"/>
            <keyDetails collectionKey="TestSplitwiseService.connectors:update_expense" connectorServiceName="TestSplitwiseService.connectors:update_expense"/>
        </servicesKeys>
    </cloudstreamsCollectionKeys>
</services>
